{"cameraMode":{"drawMode":0,"name":"Shaded","section":"Shading Mode"},"sceneLighting":false,"audioPlay":false,"sceneViewState":{"m_AlwaysRefresh":false,"showFog":false,"showSkybox":false,"showFlares":false,"showImageEffects":false,"showParticleSystems":false,"showVisualEffectGraphs":true,"m_FxEnabled":true},"in2DMode":false,"pivot":{"x":-0.004022777080535889,"y":0.8348960876464844,"z":-0.13660860061645509},"rotation":{"x":0.03307289630174637,"y":0.7722927331924439,"z":0.0403432622551918,"w":-0.6331266164779663},"size":0.9255466461181641,"orthographic":false}