{"cameraMode":{"drawMode":0,"name":"Shaded","section":"Shading Mode"},"sceneLighting":true,"audioPlay":false,"sceneViewState":{"m_AlwaysRefresh":false,"showFog":true,"showSkybox":true,"showFlares":true,"showImageEffects":true,"showParticleSystems":true,"showVisualEffectGraphs":true,"m_FxEnabled":true},"in2DMode":false,"pivot":{"x":-0.32254087924957278,"y":-0.22872397303581239,"z":2.671550750732422},"rotation":{"x":-0.2825297713279724,"y":-0.3377043604850769,"z":0.10704533755779267,"w":-0.8915365934371948},"size":4.0103044509887699,"orthographic":false}