{"cameraMode":{"drawMode":0,"name":"Shaded","section":"Shading Mode"},"sceneLighting":true,"audioPlay":false,"sceneViewState":{"m_AlwaysRefresh":false,"showFog":true,"showSkybox":true,"showFlares":true,"showImageEffects":true,"showParticleSystems":true,"showVisualEffectGraphs":true,"m_FxEnabled":true},"in2DMode":false,"pivot":{"x":0.12499725818634033,"y":0.7744837999343872,"z":0.08676985651254654},"rotation":{"x":-0.020320838317275049,"y":0.9791359901428223,"z":-0.15851472318172456,"w":-0.1255207359790802},"size":1.0266081094741822,"orthographic":false}