{"cameraMode":{"drawMode":0,"name":"Shaded","section":"Shading Mode"},"sceneLighting":true,"audioPlay":false,"sceneViewState":{"m_AlwaysRefresh":false,"showFog":true,"showSkybox":true,"showFlares":true,"showImageEffects":true,"showParticleSystems":true,"showVisualEffectGraphs":true,"m_FxEnabled":true},"in2DMode":false,"pivot":{"x":1.2423222064971924,"y":1.1339876651763917,"z":0.6379891633987427},"rotation":{"x":-0.014194054529070855,"y":-0.969895601272583,"z":-0.05888050049543381,"w":0.23612742125988007},"size":0.6458611488342285,"orthographic":false}