{"cameraMode":{"drawMode":0,"name":"Shaded","section":"Shading Mode"},"sceneLighting":true,"audioPlay":false,"sceneViewState":{"m_AlwaysRefresh":false,"showFog":true,"showSkybox":true,"showFlares":true,"showImageEffects":true,"showParticleSystems":true,"showVisualEffectGraphs":true,"m_FxEnabled":true},"in2DMode":false,"pivot":{"x":-0.6151891946792603,"y":6.4638166427612309,"z":0.7358758449554443},"rotation":{"x":-0.0576290525496006,"y":0.9424547553062439,"z":-0.23602984845638276,"w":-0.23002327978610993},"size":7.960014343261719,"orthographic":false}