{"cameraMode":{"drawMode":0,"name":"Shaded","section":"Shading Mode"},"sceneLighting":true,"audioPlay":false,"sceneViewState":{"m_AlwaysRefresh":false,"showFog":true,"showSkybox":true,"showFlares":true,"showImageEffects":true,"showParticleSystems":true,"showVisualEffectGraphs":true,"m_FxEnabled":true},"in2DMode":false,"pivot":{"x":0.7168238162994385,"y":1.192740559577942,"z":0.5184678435325623},"rotation":{"x":0.15909984707832337,"y":-0.5704212188720703,"z":0.11368768662214279,"w":0.7978190779685974},"size":1.3033360242843629,"orthographic":false}