{"cameraMode":{"drawMode":0,"name":"Shaded","section":"Shading Mode"},"sceneLighting":true,"audioPlay":false,"sceneViewState":{"m_AlwaysRefresh":false,"showFog":true,"showSkybox":true,"showFlares":true,"showImageEffects":true,"showParticleSystems":true,"showVisualEffectGraphs":true,"m_FxEnabled":true},"in2DMode":false,"pivot":{"x":-1.8295961618423463,"y":0.647496223449707,"z":0.1746591329574585},"rotation":{"x":-0.08304054290056229,"y":-0.6008232831954956,"z":0.06297308206558228,"w":-0.7926555275917053},"size":0.8436698317527771,"orthographic":false}